"code","domaine"
"000","Savoir et érudition. Musées"
"020","Sciences de l'information et de la documentation"
"100","Philosophie"
"130","Ésotérisme. Parapsychologie"
"150","Psychologie"
"200","Religion"
"300","Sciences sociales. Sociologie"
"304","Démographie"
"305","Catégories de personnes"
"320","Science politique"
"330","Économie politique. Travail"
"340","Droit"
"350","Administration publique"
"355","Art et science militaires"
"360","Problèmes et services sociaux. Criminologie"
"370","Éducation"
"390","Ethnonymes"
"391","Anthropologie. Ethnologie"
"400","Langues"
"401","Linguistique générale"
"500","Sciences"
"510","Mathématiques"
"520","Astronomie"
"530","Physique"
"540","Chimie"
"550","Sciences de la Terre"
"560","Paléontologie"
"570","Biologie"
"577","Écologie"
"579","Biologie des procaryotes"
"580","Botanique"
"590","Zoologie"
"600","Technique"
"610","Médecine"
"615","Pharmacie"
"620","Sciences de l'ingénieur"
"621","Informatique"
"630","Agriculture. Pêche"
"640","Économie domestique. Cuisine"
"650","Gestion"
"690","Construction"
"700","Art"
"710","Urbanisme. Architecture du paysage"
"720","Architecture"
"730","Sculpture"
"740","Dessin. Arts décoratifs"
"750","Peinture"
"760","Arts graphiques"
"770","Photographie"
"780","Musique"
"790","Arts du spectacle"
"791","Audiovisuel"
"793","Sports et jeux"
"800","Littératures"
"801","Littérature générale"
"900","Histoire"
"910","Géographie"
"912","Géographie de la France"
"914","Géographie de l'Europe"
"915","Géographie du reste du monde"
"930","Archéologie. Préhistoire. Histoire ancienne"
"940","Histoire de l'Europe"
"944","Histoire de la France"
"950","Histoire du reste du monde"
